SKU,Product Name,Category,Author,Stars,Subject,Reviews,Review_English,Date,MarketPlace,Sentiment_GPT,YearMonth,Negative_Reason,Positive_Reason,Neutral_Reason
101651001,Sanitario Power One Blanco,Toilets,María Félix,5,Muy cómodo,"Cómodo, ahorrador de agua y bonito diseño. Buena inversión","Comfortable, water-saving, and has a nice design. A good investment.",2022-05-01,HomeCenter,Positive,2022-05,,Toilet,
101651001,Sanitario Power One Blanco,Toilets,Jorge Rhenals,5,Espectacular producto.,Compré hace unas semanas el producto y me fascinó.,I bought the product a few weeks ago and I loved it.,2022-07-16,HomeCenter,Positive,2022-07,,General,
101651001,Sanitario Power One Blanco,Toilets,,5,Excelente,"Es un sanitario fuerte, muy econòmico en cuanto al gasto de agua y funciona muy bien.","It's a strong toilet, very economical in terms of water usage, and it works very well.",2022-11-12,HomeCenter,Positive,2022-11,,General,
101651001,Sanitario Power One Blanco,Toilets,Goyoroa,5,Excelente y práctico producto.,Compré ese producto hace apenas 15 días pero me ha salido muy bueno...,"I bought this product just 15 days ago, but it has turned out to be very good.",2023-05-06,HomeCenter,Positive,2023-05,,General,
101651001,Sanitario Power One Blanco,Toilets,Anonymous [anonymous],5,Lo altura de la taza,Tiene una capacidad de descarga efiiente,It has an efficient discharge capacity.,2023-07-23,Corona,Positive,2023-07,,General,
121361001,Sanitario San Giorgio Alongado Blanco,Toilets,Pablo,5,Muy bueno.,"Me atrevería a decir que de lo mejor que hay en relación precio calidad, y además de una marca con trayectoria en el área.","I would dare to say that this is one of the best options in terms of price and quality, and it's from a brand with a solid reputation in the field.",2019-05-15,HomeCenter,Positive,2019-05,,Toilet,
121361001,Sanitario San Giorgio Alongado Blanco,Toilets,Metrick,5,Buen producto,Buen producto fácil instalación! Solo se necesitó comprar adicional flexible y adaptador de descarga a piso,"Great product, easy to install! I only needed to buy a flexible hose and a floor drain adapter additionally.",2019-05-24,HomeCenter,Positive,2019-05,,General,
121361001,Sanitario San Giorgio Alongado Blanco,Toilets,Apolo,1,Bueno,"Lo único malo es que el kit recomendado tenia un extensible no compatible con el wc. (Se uso un adaptador, y quedo muy bien).","The only downside is that the recommended kit had an extension that was not compatible with the toilet. (An adapter was used, and it turned out very well).",2019-05-25,HomeCenter,Neutral,2019-05,,,Other
121361001,Sanitario San Giorgio Alongado Blanco,Toilets,Angel,5,WC es muy bueno,Muy fácil la instalación cumple con mi necesidad bueno,"Very easy to install, it meets my needs well.",2019-05-25,HomeCenter,Positive,2019-05,,General,
121361001,Sanitario San Giorgio Alongado Blanco,Toilets,cristian,5,escelente,"escelente wc.one piece. cambie mi baño,por el modelo ,tiene bonita presentacion",Excellent one-piece toilet. I changed my bathroom for this model; it has a nice appearance.,2019-07-09,HomeCenter,Positive,2019-07,,General,
121361001,Sanitario San Giorgio Alongado Blanco,Toilets,Prac,5,Muy bueno,En general muy bueno lo recomiendo. Tiene  un bonito acabado,"Overall, it's very good, I recommend it. It has a nice finish.",2019-07-25,HomeCenter,Positive,2019-07,,General,
121361001,Sanitario San Giorgio Alongado Blanco,Toilets,Lobo147,4,Buen producto,No lo e instalado todavia es un poco bajo referente a los convencionales y por el espacio reducido que tengo en el baño toco modificar la salida del tubo de agua ya que quedaba muy pegado al sanitario,"I haven't installed it yet; it's a bit lower compared to conventional ones, and due to the limited space I have in the bathroom, I need to modify the water pipe outlet since it was too close to the toilet.",2022-08-11,HomeCenter,Neutral,2022-08,,,Other
121361001,Sanitario San Giorgio Alongado Blanco,Toilets,Anonymous [anonymous],4,Bueno,La tapa del tanque se quebró y no he podido conseguir por favor ayudarme mil graciad,"The tank lid broke, and I haven't been able to find a replacement. Please help me, thank you so much!",2023-06-29,Corona,Negative,2023-06,Service,,
121361001,Sanitario San Giorgio Alongado Blanco,Toilets,Diana Yazmin,5,,Excelente producto,Excellent product.,2023-09-22,HomeCenter,Positive,2023-09,,General,
121361001,Sanitario San Giorgio Alongado Blanco,Toilets,FRANCISCO,5,,N/a,Review: N/a,2024-02-12,HomeCenter,Neutral,2024-02,,,Other
121511001,Sanitario Fussion,Toilets,Portu,1,Llegó quebrado,"Ni lo probé, metí la mano en la caja y me corté, poco cuidado el repartidor, lo dejo y arrancó.",I didn't even try it; I reached into the box and cut myself. The delivery person was careless; they just dropped it off and left.,2022-02-27,HomeCenter,Negative,2022-02,Service,,
121511001,Sanitario Fussion,Toilets,Compra internet,1,Base,"Queda separado del muro, no sirve para base excéntrica, el espacio entre el wc y el suelo es escaso.","It is separated from the wall, not suitable for an eccentric base, and there is little space between the toilet and the floor.",2022-02-27,HomeCenter,Negative,2022-02,Toilet,,
121511001,Sanitario Fussion,Toilets,Nicolas,1,No se puede instalar,"El espacio disponible para apretar los pernos no permite una instalación adosada al muro. Esto es porque la curva inferior está mal diseñada y es muy estrecha (al comparar con otro modelo de la competencia), y por lo tanto es necesario separa el fondo del estanque unos 5 cms, lo cual no es practico - se cae todo lo que apoyes -  y antiestético - queda como una isla-. Por el poco espacio, no puedes apretar bien y por lo tanto quedará suelto. Se perdió mucho tiempo en obra, buscamos distintos tipos de herramientas (y dinero en obra) hasta que decidimos cambiarlo porque lo que es muy difícil de fijar, será imposible de sacar si posteriormente los pernos se oxidan.","The available space to tighten the bolts does not allow for a flush installation against the wall. This is because the lower curve is poorly designed and very narrow (compared to another model from a competitor), which means you have to keep the back of the pond about 5 cm away from the wall. This is impractical—everything you place there falls over—and unappealing, as it looks like an island. Due to the limited space, you can't tighten it properly, so it will end up loose. We wasted a lot of time on the project, trying different types of tools (and money on the work) until we decided to replace it because what is very difficult to secure will be impossible to remove if the bolts rust later.",2022-06-02,HomeCenter,Negative,2022-06,Service,,
121511001,Sanitario Fussion,Toilets,Natalia R,1,MALA EXPERIENCIA,"Compré 2 Toilets fussion corona por Internet. Me llegaron en mal estado con imperfectos. Hice todo el proceso para revisión y garantía. No me solucionaron, llevo 15 días esperando y ayer me dijeron que se cerraba el caso. Sigo con los Toilets con imperfectos en la cerámica y las tapas NO cierran suave.","I bought 2 Fusion Corona toilets online. They arrived in poor condition with defects. I went through the entire process for review and warranty. They didn't resolve the issue; I've been waiting for 15 days, and yesterday they told me the case was closed. I'm still stuck with toilets that have defects in the ceramic, and the lids do not close smoothly.",2022-09-06,HomeCenter,Negative,2022-09,Service,,
121511001,Sanitario Fussion,Toilets,Luisa191027,5,Sanitario fusión blanco,Excelente recomendado  es un producto ahorrador de agua,"Excellent, highly recommended. It is a water-saving product.",2022-10-06,HomeCenter,Positive,2022-10,,General,
121511001,Sanitario Fussion,Toilets,MAPS,5,producto bueno,Compré el producto en este mes y funciona perfectamente,I bought the product this month and it works perfectly.,2022-10-06,HomeCenter,Positive,2022-10,,General,
121511001,Sanitario Fussion,Toilets,ManInvolution89,4,Buen producto,"Estético, práctico y funcional!! Le da un toque de elegancia y distinción al baño.","Aesthetic, practical, and functional!! It adds a touch of elegance and distinction to the bathroom.",2022-10-06,HomeCenter,Positive,2022-10,,General,
121511001,Sanitario Fussion,Toilets,Sandra B,4,El proceso es muy sencillo,"En general estuvo muy bien la experiencia, sin embargo es una lástima que quienes transportan los artículos no ayuden dejándolo en el lugar de la instalación. Afortunadamente había en ese momento quien me ayudara a subirlo al apartamento, de lo contrario no sé qué habría hecho para entrarlo.","Overall, the experience was very good; however, it's a shame that those who transport the items don't help by placing them in the installation location. Fortunately, there was someone available at that moment to help me carry it up to the apartment; otherwise, I don't know what I would have done to get it inside.",2024-02-27,Corona,Neutral,2024-02,,,Other
121541001,Sanitario Burgos,Toilets,Maeva,5,"Fantastico, economico ,producto colombiano",Eleganza y design..economico eccellente calidad  ok,Review: Elegance and design... excellent quality at an affordable price.,2020-03-12,HomeCenter,Positive,2020-03,,Toilet,
121541001,Sanitario Burgos,Toilets,FUENTES REYES,5,"MARAVILLOSO, DE BUENA CALIDAD, HERMOSO.","Compré este producto, es de buena calidad y muy hermoso.","I bought this product, and it is of good quality and very beautiful.",2023-06-16,HomeCenter,Positive,2023-06,,Toilet,
121541001,Sanitario Burgos,Toilets,Alejandro Rodríguez H.,3,"excelente producto, pero...","el sanitario cumplió muy expectativas, pero no vino con las mangueras de instalación y estas son diferentes a las de un sanitario normal. fue necesario  buscarlas en varias partes. esto se debe advertir cuando se compre este tipo de productos. también ofrecer la instalación, porque no es un sanitario común y su instalación no es sencilla.","The toilet met my expectations, but it didn't come with the installation hoses, and these are different from those of a standard toilet. I had to search for them in several places. This should be noted when purchasing this type of product. It would also be helpful to offer installation services, as this is not a regular toilet and its installation is not straightforward.",2023-11-03,Corona,Neutral,2023-11,,,Other
121611001,Sanitario Nyren,Toilets,Anonymous [anonymous],5,"Despues de usar este sanitario, no se quiere volver a usar ninguno diferente.","Por salud, la mejor inversión que he hecho.  La sensación de higiene, y el minimizar el uso de papel, me hacen sentir muy bien.Adicionalmente su desempeño es tremendo, haciendo imposible que se atasque.  Me advirtieron que su sistema exige que haya una presión adecuada en la red de agua.","For health, this is the best investment I've made. The feeling of cleanliness and the reduction in paper use make me feel very good. Additionally, its performance is amazing, making it impossible for it to get clogged. I was warned that its system requires adequate pressure in the water supply.",2023-07-07,Corona,Positive,2023-07,,General,
121691001,Sanitario Nyren Lite,Toilets,Angela Plazas,0,Tiene un problema de diseño para retención de olores,"me gusto mucho el acabado, el color",I really liked the finish and the color.,2024-02-29,Corona,Positive,2024-02,,General,
121731001,Sanitario Sevilla,Toilets,Anonymous [anonymous],4,Detalle de fabricación,"En estos días compre un sanitario Sevilla corona, cuando lo instalaron con el uso salia el mal olor a cañería, lo hice revisar del instalador pero estaba bien sellado, en la revisión pudo notar que en la parte interna existen dos orificios que es por donde se escapa los olores, me comunique con corona y el técnico me informo que eran los orificios de fabricación que los tapara con cinta para que no saliera olor y efectivamente dejo de oler; pero quedo  decepcionado  para un sanitario de ese precio al menos colocar dos tapones de fabrica para evitar este problema. ","Recently, I bought a Sevilla toilet from Corona. When it was installed, it emitted a bad sewer smell during use. I had the installer check it, and he confirmed it was properly sealed. Upon inspection, he noticed that there were two holes inside the toilet that were allowing the odors to escape. I contacted Corona, and the technician informed me that these were manufacturing holes and suggested I cover them with tape to stop the smell, which indeed worked. However, I was disappointed that for a toilet at this price, they didn't include two factory plugs to prevent this issue.",2022-04-20,Corona,Negative,2022-04,Service,,
200401001,Sanitario Aquapro Alongado Blanco,Toilets,Andrés Ramirez Gonzalez [andrago23@gmail.com],5,El mejor desempeño,"Tengo este sanitario en mi hogar y es excelente, primero es ahorrador de agua y así te ayuda a disminuir los gastos de los Services de tu hogar y por otro lado el desempeño es excelente, el sanitario nunca se tapa y esto es fundamental para no pasar penas en tu casa.","I have this toilet in my home and it is excellent. First, it saves water, which helps reduce your household expenses. On the other hand, its performance is outstanding; the toilet never clogs, which is essential to avoid any embarrassment at home.",2023-06-26,Corona,Positive,2023-06,,General,
278431001,Sanitario Aquapro Redondo Blanco,Toilets,Anonymous [anonymous],5,Buen producto,Lo compre en la página web lo bueno estaba en promo que ahorro dinero ya está en funcionamiento el sanitario que ahorra agua y menos de 1 o 2  metros de agua al mes,"I bought it on the website, and the good thing was that it was on sale, so I saved money. The toilet is now working, and it saves water, using less than 1 or 2 meters of water per month.",2023-07-04,Corona,Positive,2023-07,,General,
278471001,Sanitario Ultra Ahorrador Aluvia Redondo Blanco,Toilets,Carolina j,3,Tapa tanque plástica,"Tiene la tapa del tanque plástica, sería genial si fuera en ceramica ",The tank lid is plastic; it would be great if it were ceramic.,2023-09-06,Corona,Neutral,2023-09,,,Other
278471001,Sanitario Ultra Ahorrador Aluvia Redondo Blanco,Toilets,RAMON ANTONIO GARCIA GUERRERO,5,moderno y eficiente,"recomendado para ahorrar en el consumo de agua, ademas de tener un diseño moderno y elegante","Recommended for saving water consumption, in addition to having a modern and elegant design.",2023-10-22,Corona,Positive,2023-10,,Toilet,
278471001,Sanitario Ultra Ahorrador Aluvia Redondo Blanco,Toilets,Alfonso Sierra,4,Cinco,Rapidez de descarga con poca agua,Review: Fast drying with little water.,2024-04-25,Corona,Positive,2024-04,,General,
300641001,Sanitario Acuaplus Ultra Blanco,Toilets,José Robayo,4,Lo que nesecito,"A tes compré Toilets más costosos, pero este era lo que nesecitaba para un baño en especial","I bought more expensive toilets, but this was exactly what I needed for a specific bathroom.",2023-03-31,HomeCenter,Positive,2023-03,,General,
300641001,Sanitario Acuaplus Ultra Blanco,Toilets,Jhon,5,,Muy buena calidad,Very good quality.,2023-05-25,HomeCenter,Positive,2023-05,,Toilet,
300641001,Sanitario Acuaplus Ultra Blanco,Toilets,peralma,5,Bien acabado,Lo compré hace unas semanas y está funcionando a la perfección,I bought it a few weeks ago and it's working perfectly.,2023-06-23,HomeCenter,Positive,2023-06,,General,
300641001,Sanitario Acuaplus Ultra Blanco,Toilets,Wilson,5,,N/a,Review: N/a,2023-08-24,HomeCenter,Neutral,2023-08,,,Other
300641001,Sanitario Acuaplus Ultra Blanco,Toilets,Carlos,5,,Excelente producto,Excellent product.,2023-09-23,HomeCenter,Positive,2023-09,,General,
300641001,Sanitario Acuaplus Ultra Blanco,Toilets,Carmen,5,,Buena,Good,2023-10-12,HomeCenter,Positive,2023-10,,General,
300641001,Sanitario Acuaplus Ultra Blanco,Toilets,Vickych,5,Buen diseño y económico,Compré este producto y ha sido de muy buen funcionamiento y ahorrador de agua,I bought this product and it has been very effective and water-saving.,2023-12-05,HomeCenter,Positive,2023-12,,General,
300641001,Sanitario Acuaplus Ultra Blanco,Toilets,Jhon,5,,La calidad es muy buena y es el tamaño acertado,The quality is very good and it is the right size.,2023-12-05,HomeCenter,Positive,2023-12,,Toilet,
300641001,Sanitario Acuaplus Ultra Blanco,Toilets,Carmen,5,,"Es exactamente como luce en la foto, el inodoro es muy bueno en cuanto a ahorrar agua por el tamaño de la sisterna.",It's exactly as it looks in the picture; the toilet is very good at saving water due to the size of the tank.,2024-01-04,HomeCenter,Positive,2024-01,,General,
300641001,Sanitario Acuaplus Ultra Blanco,Toilets,Laura Velásquez,3,En cuanto al funcionamiento no tengo queja,"Me llego con un imperfecto en la tapa, no afecta el funcionamiento pero estéticamente no se ve bien,  es algo que es imperceptible a primera vista por eso no lo detecte el día de la entrega , mi recomendación es revisar muy bien cuando llegue el pedido.  Tampoco recomiendo la instalación por medio de Home center,  se demora mucho el servicio después de que llega el producto, me toco cancelarlo y pedir el reembolso de mi dinero, y contratar el servicio por otro medio, si lo necesitan de manera urgente como era mi caso, no es una opción.","The product arrived with an imperfection on the lid. It doesn't affect its functionality, but it doesn't look good aesthetically. It's something that is not noticeable at first glance, which is why I didn't detect it on the day of delivery. My recommendation is to check everything very carefully when the order arrives. I also do not recommend the installation service through Home Center; it takes a long time after the product arrives. I had to cancel it and request a refund, then hire the service through another provider. If you need it urgently, as I did, this is not a viable option.",2024-03-24,HomeCenter,Negative,2024-03,Service,,
300641031,Sanitario Acuaplus Ultra Bone,Toilets,Dorilla,5,Economía y cuidado,"Compré el producto porque ayuda en bajo consumo de agua, no hace tanto ruido al cargar el tanque, es más pequeño y me gusta el diseño","I bought the product because it helps with low water consumption, it doesn't make much noise when filling the tank, it's smaller, and I like the design.",2020-02-16,HomeCenter,Positive,2020-02,,Toilet,
300641031,Sanitario Acuaplus Ultra Bone,Toilets,hectorguti,5,Funciona muy bien,"Desde que lo compré me gustado mucho, es un buen producto","Since I bought it, I have liked it a lot; it's a good product.",2021-05-07,HomeCenter,Positive,2021-05,,General,
300641031,Sanitario Acuaplus Ultra Bone,Toilets,,5,Muy buen producto.,"Muy buen producto y muy buen precio, se ajusto a la necesidad que tenia.","Very good product and very good price, it met my needs perfectly.",2021-08-01,HomeCenter,Positive,2021-08,,General,
300641031,Sanitario Acuaplus Ultra Bone,Toilets,ASFA,4,Muy bueno para lo necesario,"Diseño compacto, ergonómico y eficiente. .........","Review: Compact, ergonomic, and efficient design.",2022-02-12,HomeCenter,Positive,2022-02,,Toilet,
300641031,Sanitario Acuaplus Ultra Bone,Toilets,Bernard25ate,4,Funcional y cómodo.,Lo conseguí a muy buen precio y el diseño me agrada.,I got it at a very good price and I like the design.,2022-04-15,HomeCenter,Positive,2022-04,,Toilet,
300641031,Sanitario Acuaplus Ultra Bone,Toilets,Samimy19745¹,5,Calidad y precios,Excelente productos. Buen Precios calidad y función,Excellent products. Good quality and function for the price.,2022-05-07,HomeCenter,Positive,2022-05,,Toilet,
300641031,Sanitario Acuaplus Ultra Bone,Toilets,SanAteoApostol,1,Cancele la compra antes del transporte,"Me di cuenta que necesitaba un sanitario de color diferente, con el bono compre otra referencia y me la enviaron del color equivocado.","I realized that I needed a toilet in a different color. With the bonus, I bought another model, but they sent it in the wrong color.",2022-06-24,HomeCenter,Negative,2022-06,Toilet,,
300641031,Sanitario Acuaplus Ultra Bone,Toilets,Mangel7,5,Hermoso sanitario muy buen estado,Compré este producto el mes paso y me encantó es genial,I bought this product last month and I loved it; it's great!,2022-07-08,HomeCenter,Positive,2022-07,,General,
300641031,Sanitario Acuaplus Ultra Bone,Toilets,marrod,5,Muy buen producto corona siempre deja clientes sat,Me gusta mucho la linea corona buena marca y experiencia,I really like the Corona line; it's a good brand and I have a great experience with it.,2022-08-26,HomeCenter,Positive,2022-08,,General,
300641031,Sanitario Acuaplus Ultra Bone,Toilets,Camalenoes,5,Funcionalidad,"Buen producto , es funcional , tiene un buen precio y es de calidad","Good product, it is functional, has a good price, and is of quality.",2024-01-12,HomeCenter,Positive,2024-01,,Toilet,
306361001,Sanitario Ultra Ahorrador Prestigio,Toilets,Anonymous [anonymous],2,Descarga con problemas,Cuando el agua no llega con presión la descarga es imposible ósea que prácticamente queda sin poderse usar el baño. Es un tema que deberían explicar al momento de venderse . Es el baño más caro pero esto lo hace el más malo,"Review: When the water doesn't come with pressure, using the toilet is impossible, which means the bathroom is practically unusable. This is something that should be explained at the time of sale. It's the most expensive bathroom, but this makes it the worst.",2020-04-15,Corona,Negative,2020-04,Service,,
306361001,Sanitario Ultra Ahorrador Prestigio,Toilets,Anonymous [anonymous],2,No Repuestos,Tengo tres inodoros prestigio y no se le consiguen repuestos ,"I have three Prestige toilets, and it's hard to find replacement parts for them.",2020-05-26,Corona,Negative,2020-05,Service,,
306361001,Sanitario Ultra Ahorrador Prestigio,Toilets,Danilogo,5,,Excelente producto. Este sanitario no se tapa nunca.,Excellent product. This toilet never gets clogged.,2020-07-24,HomeCenter,Positive,2020-07,,General,
306361001,Sanitario Ultra Ahorrador Prestigio,Toilets,Manuel palacio,5,Muy bonito y funcional,Compre este producto; descarga súper rápido en 2 segundos. Se ve lo fino que es ante los otros,I bought this product; it downloads super fast in 2 seconds. You can really see how much better it is compared to the others.,2020-07-24,HomeCenter,Positive,2020-07,,General,
306361001,Sanitario Ultra Ahorrador Prestigio,Toilets,Ttmatarabat,5,"Excelente, lo que buscaba!!",Lo compre el mes pasado y hasta ek momento todo muy vien,I bought it last month and so far everything is going very well.,2020-07-28,HomeCenter,Positive,2020-07,,General,
306361001,Sanitario Ultra Ahorrador Prestigio,Toilets,Luis Fernando Mesa Alvarez,1,Muy malo,Cuándo se va a sea el tanque queda filtrando agua por una válvula en la parte inferior y al no tener desagüe hacia la taza con el tiempo se represa y toca sacarla a cocadas cada ocho días si no se pudre. ,"Review: When the tank is emptied, it continues to leak water through a valve at the bottom. Since there is no drainage to the bowl, over time it accumulates, and I have to remove it in buckets every eight days, or else it will start to rot.",2023-09-22,Corona,Negative,2023-09,Service,,
306361001,Sanitario Ultra Ahorrador Prestigio,Toilets,Franki garcia,0,Alternativas,Para ser un sanitario tan costoso deberían tener mejor calidad en los componentes de descarga. El tanque se fisura y da la sensación que va a estallar por la presión haciéndole daño mortal a mi familia. Es aceptable que las piezas dinámicas necesiten recambio a los años pero no está bien que un tanque en plástico que demora siglos en descomponerse en la naturaleza se dañe en solo unos años en un baño.,"Review: For such an expensive toilet, the quality of the flushing components should be better. The tank cracks and feels like it’s going to burst from the pressure, which could be deadly for my family. It’s acceptable for dynamic parts to need replacement after a few years, but it’s not right that a plastic tank, which takes ages to decompose in nature, gets damaged in just a few years in a bathroom.",2023-10-06,Corona,Negative,2023-10,Service,,
306361001,Sanitario Ultra Ahorrador Prestigio,Toilets,Bernardo Mariño González,5,Muy bueno,"Desde hace rato lo queria comprar, pero termina siendo un gasto importante. Espero comprar para los otros baños de mi casa","I've been wanting to buy this for a while, but it ends up being a significant expense. I hope to buy it for the other bathrooms in my house.",2024-04-29,Corona,Neutral,2024-04,,,Other
320381001,Sanitario Acuacer 2 Piezas Blanco,Toilets,,5,Buen desempeño,Producto acorde al precio. Buen desempeño Corona es lo mejor,The product is in line with its price. It performs well; Corona is the best.,2020-12-18,HomeCenter,Positive,2020-12,,General,
320381001,Sanitario Acuacer 2 Piezas Blanco,Toilets,Jeny8,5,Excelente producto,Compré este producto y es de una excelente marca y calidad. Es muy eficiente su sistema de ahorro,"I bought this product, and it is from an excellent brand with great quality. Its energy-saving system is very efficient.",2022-09-15,HomeCenter,Positive,2022-09,,Toilet,
320381001,Sanitario Acuacer 2 Piezas Blanco,Toilets,Alejandro225566,5,excelente producto,"me gusto la rapidez del envío, la forma en que viene embalado el producto, y la calidad","I liked the speed of the shipping, the way the product is packaged, and the quality.",2022-09-15,HomeCenter,Positive,2022-09,,Toilet,
326201001,Sanitario Happy Blanco,Toilets,linajair77,5,Practico,Modelo con buen diseño y muy práctico para los espacios requeridos,Model with a good design and very practical for the required spaces.,2021-10-07,HomeCenter,Positive,2021-10,,Toilet,
326201001,Sanitario Happy Blanco,Toilets,EdelmiraS,5,Súper excelente,"Tengo ya cinco Toilets son de excelente calidad,precio y ahorro","I already have five toilets, and they are of excellent quality, price, and savings.",2021-10-07,HomeCenter,Positive,2021-10,,Toilet,
326201001,Sanitario Happy Blanco,Toilets,Karem89,4,Excelente,Me encantó el producto pero indudablemente la entrega y la responsabilidad de la entrega es excelente.,"I loved the product, but undoubtedly the delivery and the responsibility of the delivery are excellent.",2021-10-07,HomeCenter,Positive,2021-10,,General,
326201001,Sanitario Happy Blanco,Toilets,Tapa,3,Tapa defectusa,Compre el.sanitario y la tapa vino torcida al instalar queda levantada,"I bought the toilet, and the lid came warped; it sits unevenly after installation.",2022-01-28,HomeCenter,Negative,2022-01,Service,,
326201001,Sanitario Happy Blanco,Toilets,Josej,3,Sanitario pequeño no ahorrador de agua,Lo compre por la medida de 54 largo porque mi espacio es pequeño. Sugiero que elaboren uno pequeño y ahorrador,I bought it in the size 54 long because my space is small. I suggest that they make a smaller and more space-saving version.,2022-03-27,HomeCenter,Neutral,2022-03,,,Other
326201001,Sanitario Happy Blanco,Toilets,,3,Normalito,Lo cambie para que me enviaran uno blanco y me lo volvieron a enviar beige,"I requested a white one, but they sent me a beige one again.",2022-07-02,HomeCenter,Negative,2022-07,Toilet,,
326201001,Sanitario Happy Blanco,Toilets,DIFANES,5,ES MUY PRÁCTICO,"LO RECOMIENDO POR SU TAMAÑO, COLOR, UTILIDAD, PRECIO, SERVICIO Y ATENCIÓN DEL PERSONAL HOMECENTER","I RECOMMEND IT FOR ITS SIZE, COLOR, UTILITY, PRICE, SERVICE, AND ATTENTION FROM THE HOMECENTER STAFF.",2022-08-25,HomeCenter,Positive,2022-08,,General,
326201001,Sanitario Happy Blanco,Toilets,Eiderjchaves,5,cumplió con mis expectativas,Cumplió con mis expectativas el producto . Estoy satisfecho,The product met my expectations. I am satisfied.,2022-09-24,HomeCenter,Positive,2022-09,,General,
326201001,Sanitario Happy Blanco,Toilets,Miguel 1276,5,Exelente,Lo compre el mes pasado y ya esta instalado. Muy lindo gracias.,"I bought it last month and it's already installed. Very nice, thank you.",2023-04-08,HomeCenter,Positive,2023-04,,General,
326201001,Sanitario Happy Blanco,Toilets,Andres David,5,,Bien sanitaro,Review: Good sanitary product.,2023-06-21,HomeCenter,Positive,2023-06,,General,
326201031,Sanitario Happy Blanco,Toilets,luzangelag6,4,,"La tapa es muy endeble pero por lo demas era lo que buscaba, pequeno y ahorrador.","The lid is very flimsy, but other than that, it was exactly what I was looking for: small and efficient.",2021-11-28,HomeCenter,Neutral,2021-11,,,Other
326201031,Sanitario Happy Blanco,Toilets,dxalejo,5,buen producto y bonito,es funcional para espacios pequeños y con los elementos adecuados queda trabajando muy bien,"It's functional for small spaces, and with the right elements, it works very well.",2022-07-23,HomeCenter,Positive,2022-07,,General,
326201031,Sanitario Happy Blanco,Toilets,Fannygo,1,Publicidad engañosa,En las especificaciones decía cierre lento y son mentirss,"The specifications said it had a slow closure, but that's a lie.",2022-07-25,HomeCenter,Negative,2022-07,Toilet,,
340021001,Sanitario Laguna Blanco,Toilets,Anonymous [anonymous],4,Economicos,Bien instalados proveen descargas muy eficientes con menos de los 4.8 litros. cambié dos en mi apartamento y me redujeron el consumo en 2 m3/mes.,"Well installed, they provide very efficient flushes with less than 4.8 liters. I replaced two in my apartment, and they reduced my consumption by 2 m3/month.",2022-04-05,Corona,Positive,2022-04,,Toilet,
340021001,Sanitario Laguna Blanco,Toilets,GONZO1905,5,Muy chevere,Lo compre y muy bonito llego wn perfecto estado y completo,I bought it and it arrived very nicely in perfect condition and complete.,2022-04-07,HomeCenter,Positive,2022-04,,General,
340021001,Sanitario Laguna Blanco,Toilets,,1,Pésimo servicio,Nunca llegó el producto hace  un mes lo compre y jamás llego y ni siquiera una excusa pesimo,"The product never arrived. I bought it a month ago, and it never showed up, not even an apology. Terrible service.",2022-04-07,HomeCenter,Negative,2022-04,Service,,
340021001,Sanitario Laguna Blanco,Toilets,Javiera,5,,"excelente calidad, el mismo diseño solicitado y una entrega súper rápida como lo necesitaba","Excellent quality, the same design I requested, and super fast delivery just as I needed.",2022-05-26,HomeCenter,Positive,2022-05,,Toilet,
340021001,Sanitario Laguna Blanco,Toilets,GabrielRico,4,buen producto,"un buen producto, buen precio, entregas muy demoradas.","A good product, good price, but very delayed deliveries.",2023-01-13,HomeCenter,Negative,2023-01,Service,,
340021001,Sanitario Laguna Blanco,Toilets,Milj,5,"Súper, más práctico!",Lo compré  hace 9 días y todo perfecto desde su instalación hasta ahora el uso,I bought it 9 days ago and everything has been perfect from the installation to now during use.,2023-01-27,HomeCenter,Positive,2023-01,,General,
340021001,Sanitario Laguna Blanco,Toilets,Anonymous [anonymous],5,Son muy bonitos,,,2023-03-30,Corona,,2023-03,,,
340021111,Sanitario Laguna Azul Claro,Toilets,Diana,5,,Es igual a la foto llegó en perfecto Estado,It's just like the photo and arrived in perfect condition.,2023-11-30,HomeCenter,Positive,2023-11,,General,
501111001,Sanitario Infantil Kiddy Blanco,Toilets,,1,PÉSIMO SERVICIO --NO LO RECOMIENDO,"NUNCA ENTREGARON EL PROPDUCTO, NO RESPONDEN , NI HACEN DEVOLUCIÓN DEL DINERO- Pésima atención al cliente lo recomiendo 0","Review: THEY NEVER DELIVERED THE PRODUCT, THEY DON'T RESPOND, AND THEY DON'T REFUND THE MONEY - Terrible customer service, I do not recommend it at all.",2022-09-17,HomeCenter,Negative,2022-09,Service,,
O20801001,Sanitario Ultra Ahorrador Powermax Blanco,Toilets,Estaban,1,Pésimo producto,"este inodoro es como para niños, realmente cada vez que defeco el inodoro se tapa, solo a mi sobrino le sirve, realmente estoy muy molesto, no puedo defecar correctamente. Realmente no se si es muy poca su capacidad.","This toilet is like one for kids; every time I use it, it gets clogged. It only works for my nephew. I'm really frustrated because I can't use it properly. I don't know if it has a very low capacity.",2022-09-29,HomeCenter,Negative,2022-09,Toilet,,
O20801001,Sanitario Ultra Ahorrador Powermax Blanco,Toilets,Anonymous [anonymous],1,Mal producto,Compré 6 el año pasado. Ya 3 se han dañado. Al llamar por garantía cuando se dañó el primero dijeron que había quedado mal instalado. Se hicieron los cambios que requirieron y nada. Después reconocieron que era problema del inodoro y lo abrieron y efectivamente el daño era del producto. Ahora me toca llamar por los otros dos.,"I bought 6 last year. Three of them have already broken. When I called for warranty service after the first one broke, they said it had been installed incorrectly. I made the changes they required, but nothing improved. Later, they admitted it was a problem with the toilet, opened it up, and confirmed that the damage was due to the product. Now I have to call about the other two.",2023-04-30,Corona,Negative,2023-04,Service,,
O20801001,Sanitario Ultra Ahorrador Powermax Blanco,Toilets,Anonymous [anonymous],5,Confianza a toda prueba,"Tengo instalado este maravilloso Sanitario en el área social de mi apartamento. Mis invitados siempre tienen algo positivo que decir del Sanitario pues su desempeño es superior.  Obviamente, siempre les hablo de este Sanitario y su sistema de descarga y los animo a que se compren uno para sus casas.  Tener un Sanitario que te de la confianza en su desempeño en cada descarga es lo mejor que te puede pasar en momentos muy especiales con tus invitados en casa.Adicionalmente es muy bonito, de buen tamaño y luce moderno.","I have installed this wonderful toilet in the social area of my apartment. My guests always have something positive to say about the toilet because its performance is outstanding. Of course, I always talk to them about this toilet and its flushing system, encouraging them to get one for their homes. Having a toilet that you can trust to perform well with every flush is the best thing that can happen during special moments with your guests at home. Additionally, it looks very nice, is a good size, and has a modern appearance.",2023-07-04,Corona,Positive,2023-07,,Toilet,
O21111031,Tanque Tapa Y Griferia Mazara Plus Bone,Toilets,badbunny96,1,que foto es esta? no se entiende que estan vendien,que foto es esta? no se entiende que estan vendiendo,What kind of photo is this? It's unclear what they are selling.,2022-07-31,HomeCenter,Negative,2022-07,Toilet,,
O23070001,Válvula Llenado G300,Toilets,Anonymous [anonymous],1,No funciona,"Compré un sanitario y venía con esta válvula ya instalada y desde que la pusimos a funciona no sella, nunca para de llenar el tanque. ","I bought a toilet and it came with this valve already installed, and since we put it in, it doesn't seal; the tank never stops filling.",2021-01-20,Corona,Negative,2021-01,Service,,
O26001001,Sanitario Ecoclean Blanco,Toilets,Anonymous [anonymous],5,excelente producto,excelente producto,Excellent product.,2020-01-04,Corona,Positive,2020-01,,General,
O26011001,Sanitario Ecoclean Single Blanco,Toilets,Rodrigo,5,Satisfaccion,De fácil instacion y muy durable,Review: Easy to install and very durable.,2022-07-11,HomeCenter,Positive,2022-07,,Toilet,
O26011001,Sanitario Ecoclean Single Blanco,Toilets,HUGO ANDRES,5,,es tal cual en las fotos y la calidad de lo materiales es muy buena,"It's exactly as shown in the photos, and the quality of the materials is very good.",2022-09-21,HomeCenter,Positive,2022-09,,Toilet,
O26011001,Sanitario Ecoclean Single Blanco,Toilets,Nilda,4,,5,"The review is already in English and simply states ""5."" If you need further assistance or context, please provide more details!",2023-04-19,HomeCenter,Positive,2023-04,,General,
O26011001,Sanitario Ecoclean Single Blanco,Toilets,Anonymous [anonymous],5,Diseño Interior y Consumo,"Con mis padres nos decidimos por comprar esta ducha, pues su color diferente nos representa mayor elegancia en nuestra casa. Al usarla por el gran tamaño de la regadera, tenemos un baño super placentero sin exceder el consumo de agua.","My parents and I decided to buy this shower because its unique color adds a touch of elegance to our home. Using it, thanks to the large size of the showerhead, we enjoy a very pleasant shower experience without exceeding water consumption.",2023-06-26,Corona,Positive,2023-06,,General,
O26011001,Sanitario Ecoclean Single Blanco,Toilets,Anonymous [anonymous],5,modo y de fácil limpieza,"Es un sanitario amplio, cuenta con un asiento cómodo y de cierre lento y lo que más me gusta es que la limpieza es muy fácil, la taza no cuenta con bordes que acumulen suciedad y mientras descarga va limpiando las Walls del sanitario. Lo tengo hace mas de 5 años y aún está intacto.  ","It's a spacious toilet, with a comfortable slow-close seat, and what I like most is that it's very easy to clean. The bowl has no edges that collect dirt, and as it flushes, it cleans the walls of the toilet. I've had it for over 5 years, and it's still in perfect condition.",2023-06-29,Corona,Positive,2023-06,,Toilet,
O26011031,Sanitario Ecoclean Single Bone,Toilets,Liz Monroy,5,Excelente producto,Excelente producto para complementar la remodelación de mi baño.,Excellent product to complement the renovation of my bathroom.,2023-04-27,HomeCenter,Positive,2023-04,,General,
O26201001,Sanitario Happy Blanco,Toilets,esteban moreno [estejack18@gmail.com],5,Excelente,"Compre uno y venia con Accessories, Sinks pero sin tapa del sanitario, de todas formas ocupa poco espacio y es muy estético para un apartamento de baños pequeños, ahorra espacio y agua.","I bought one and it came with accessories and sinks, but without a toilet lid. Still, it takes up little space and looks very nice for an apartment with small bathrooms. It saves space and water.",2020-11-29,Corona,Positive,2020-11,,General,
O26201001,Sanitario Happy Blanco,Toilets,Anonymous [anonymous],5,buena calidad del producto,El mejor sanitario para los niños,The best toilet for kids.,2023-06-21,Corona,Positive,2023-06,,General,
O26201001,Sanitario Happy Blanco,Toilets,Anonymous [anonymous],5,Buena calidad,El mejor sanitario para los niño,The best toilet for kids.,2023-06-21,Corona,Positive,2023-06,,General,
O26202251,Sanitario Happy Rojo Bicolor,Toilets,María Liliana,5,Exelente producto,Primera vez q compro y me gusto mucho muy cumplidos con el envio y muy buen producto igual al q pedi,"This is my first time buying, and I really liked it. They were very prompt with the shipping, and the product was just like the one I ordered.",2022-07-18,HomeCenter,Positive,2022-07,,Service,
O26202651,Sanitario Happy Negro Bicolor,Toilets,Larry,5,Economia,Este sanitario es economico en su valor en $ y economiza el agua.,This toilet is affordable in price and saves water.,2021-12-28,HomeCenter,Positive,2021-12,,General,
O29091001,Sanitario Montecarlo Redondo Blanco,Toilets,Anonymous [anonymous],1,Mal diseño del desague,"Desde que se instalo, mantiene tapado, el desagüe es muy angosto en emsus curvas. Pésimo producto ","Review: Since it was installed, it keeps getting clogged; the drain is very narrow in its curves. Terrible product.",2022-05-17,Corona,Negative,2022-05,Service,,
O29091001,Sanitario Montecarlo Redondo Blanco,Toilets,Elizabeth,5,Cómodo,Muy lindo y cómodo,Very nice and comfortable.,2022-07-07,HomeCenter,Positive,2022-07,,Toilet,
O29091001,Sanitario Montecarlo Redondo Blanco,Toilets,Vladik,5,Excelente relación costo-beneficio,Buen diseño y desempeño. Las formas son cómodas. El bizcocho con cierre lento complementa el conjunto.,Great design and performance. The shapes are comfortable. The slow-close lid complements the set.,2022-08-26,HomeCenter,Positive,2022-08,,Toilet,
O29091001,Sanitario Montecarlo Redondo Blanco,Toilets,Maurix,5,Muy buen producto,"Es un servicio Smart, su tapa cierra automáticamente",It's a smart service; its lid closes automatically.,2022-09-12,HomeCenter,Positive,2022-09,,General,
O29091001,Sanitario Montecarlo Redondo Blanco,Toilets,Maurix 2004,5,"Funciona como un Smart servicio, es muy bueno","Lo compré y lo volví a comprar nuevamente, buena experiencia",I bought it and bought it again; it was a good experience.,2022-09-14,HomeCenter,Positive,2022-09,,General,
O29091001,Sanitario Montecarlo Redondo Blanco,Toilets,PARA NADA,1,pesimo,EL BAÑO SALIO ROTO Y USTEDES NO RESPONDEN COSAS DE MALA CALIDAD,The bathroom came broken and you don't respond. Poor quality items.,2022-09-16,HomeCenter,Negative,2022-09,Service,,
O29091001,Sanitario Montecarlo Redondo Blanco,Toilets,laramoss,4,Muy economizador de agua,"El producto es excelente, fácil de instalar, muy elegante y muy economizador","The product is excellent, easy to install, very stylish, and very energy-efficient.",2022-10-07,HomeCenter,Positive,2022-10,,General,
O29091001,Sanitario Montecarlo Redondo Blanco,Toilets,,5,Muy buena compra!,Compre este producto la semana pasada muy bueno!!!,I bought this product last week and it's very good!!!,2022-10-08,HomeCenter,Positive,2022-10,,General,
O29091001,Sanitario Montecarlo Redondo Blanco,Toilets,diana zuluaga,2,una decepción total. pésima calidad. vive tapado.,"compré este producto hace dos años y hasta ahora me doy cuenta que vive tapado no por inadecuado uso sino porque es de pésima calidad. la porcelana sanitaria externa se averíó y hay  fugas hacia el exterior, se ha desmontado y vuelto a montar a ver si era ese el motivo, pero no. pésima calidad.","I bought this product two years ago, and now I realize that it remains covered not due to improper use, but because it is of very poor quality. The external sanitary porcelain has broken, and there are leaks to the outside. I disassembled and reassembled it to see if that was the issue, but it wasn't. Terrible quality.",2022-10-17,HomeCenter,Negative,2022-10,Service,,
O29091001,Sanitario Montecarlo Redondo Blanco,Toilets,,5,Bonito diseño y excelente funcionamiento,"Compré 2 Toilets Montecarlo Corona, por su diseño, capacidad de descarga y por el respaldo de la marca.  Hasta el momento, cumple con todas mis expectativas.  Muy buen producto.","I bought 2 Montecarlo Corona toilets because of their design, flushing capacity, and the brand's reputation. So far, they have met all my expectations. Very good product.",2023-01-21,HomeCenter,Positive,2023-01,,Toilet,
O29091001,Sanitario Montecarlo Redondo Blanco,Toilets,Anonymous [anonymous],5,Desempeño y comodidad,"Es un muy buen sanitario, lo compré y tiene muy buen desempeño",It's a very good toilet; I bought it and it performs very well.,2023-08-04,Corona,Positive,2023-08,,General,
O29091001,Sanitario Montecarlo Redondo Blanco,Toilets,El dibujante,2,Defecto en producto,"Ultimamente compré dos Toilets, el primero salió excelente, pero en el segundo noto fallas en el esmaltado del sifón, no lo he instalado, espero que evacúe bien cuando lo instale. De todas maneras todos los productos debieran salir sin defectos en una empresa como esta.","Recently, I bought two toilets. The first one turned out excellent, but I noticed flaws in the glazing of the siphon on the second one. I haven't installed it yet, and I hope it flushes well when I do. In any case, all products should be defect-free from a company like this.",2023-10-19,HomeCenter,Neutral,2023-10,,,Other
O29091001,Sanitario Montecarlo Redondo Blanco,Toilets,ANDREA,5,BUEN PRODUCTO,"TIENE BUENA CAPACIDAD DE DESCARGA, ES COMODO Y ELEGANTE","It has good discharge capacity, is comfortable, and elegant.",2024-01-04,Corona,Positive,2024-01,,Toilet,
O29091001,Sanitario Montecarlo Redondo Blanco,Toilets,Veronica Correa,5,El tamaño es súper apropiado para el espacio que tengo,Compré el producto por trayectoria en el mercado y tamaño,I bought the product because of its reputation in the market and its size.,2024-04-16,Corona,Neutral,2024-04,,,Other
O29091031,Sanitario Montecarlo Redondo Bone,Toilets,Lalo,5,,N/a,Review: N/a,2015-09-18,HomeCenter,Neutral,2015-09,,,Other
O29091031,Sanitario Montecarlo Redondo Bone,Toilets,Vima,5,Un buen producto cumple las expectativas de ahorr,Este mes y fue instado por el servicio de Homecenter. Bien,"This month, I was prompted by the service from Homecenter. Good.",2022-03-23,HomeCenter,Positive,2022-03,,Service,
O29091031,Sanitario Montecarlo Redondo Bone,Toilets,Latapa,5,¡Súper bueno!,"Compré el producto hace un mes, y ha funcionado a la perfección","I bought the product a month ago, and it has worked perfectly.",2022-03-23,HomeCenter,Positive,2022-03,,General,
O29091031,Sanitario Montecarlo Redondo Bone,Toilets,Anonymous [anonymous],2,Descarga sin fuerza,"Al momento de accionar los botones para descarga el sistema no evacua la totaliad de los solidos o liquidos, hay que dejar accionado el boton por un tiempo prolongado hasta que la fuerza del agua evacua los liquidos o solidos ","Review: When pressing the buttons to drain, the system does not completely remove all the solids or liquids. You have to keep the button pressed for an extended period until the water pressure flushes out the liquids or solids.",2022-05-20,Corona,Negative,2022-05,Toilet,,
O29091031,Sanitario Montecarlo Redondo Bone,Toilets,Carmen20,1,Apariencia exterior perfecta pero mal funcionamien,"Escape de agua permanentemente, el árbol de entrada está defectuoso","The water escape is permanent, and the entrance tree is defective.",2023-05-06,HomeCenter,Negative,2023-05,Toilet,,
O29091601,Sanitario Montecarlo Redondo Negro,Toilets,Paola89,5,Excelente producto,Se nota el ahorro de agua muy buena tecnología y diseño,You can really see the water savings; very good technology and design.,2018-11-21,HomeCenter,Positive,2018-11,,Toilet,
O29091601,Sanitario Montecarlo Redondo Negro,Toilets,Luuz,4,Elegancia,"Elegancia en el diseño, funcional, ahorrador y espacioso.","Elegance in design, functional, space-saving, and spacious.",2019-01-07,HomeCenter,Positive,2019-01,,Toilet,
O29091601,Sanitario Montecarlo Redondo Negro,Toilets,Jumapi,5,Súper comodo,Compre este producto y me encanta me ayuda ahorrar agua y cuidar el medio ambiente,I bought this product and I love it! It helps me save water and take care of the environment.,2019-05-13,HomeCenter,Positive,2019-05,,General,
O29091601,Sanitario Montecarlo Redondo Negro,Toilets,KOLE,5,fabuloso,este inodoro es lo mejor que existe para ahorrar agua y también es divino en su diseño y color,"This toilet is the best there is for saving water, and it also has a beautiful design and color.",2020-01-23,HomeCenter,Positive,2020-01,,Toilet,
O29091601,Sanitario Montecarlo Redondo Negro,Toilets,Daniela,4,Excelente,Es nuy hermoso y de excelente calidad cuando se tira la cadena super buen tiene fuerza. Hay que cuidar la tapa pprque se raya :( pero lo recomiendo totalmente,"It's very beautiful and of excellent quality. When you flush, it works really well and has great power. You need to be careful with the lid because it can get scratched :( but I totally recommend it.",2021-09-04,HomeCenter,Positive,2021-09,,Toilet,
O29091601,Sanitario Montecarlo Redondo Negro,Toilets,Prisi,5,EXCELENTE PRODUCTO,"Lo compre hace dos años, lo instale yo misma viendo el video ""hagalo usted mismo"", ningun problema, no se filtra, aparte de ser precioso el diseño, elegante, moderno, comodo, no emite ruido fuerte al realizar la descarga. Lo recomiendo 100%","I bought it two years ago and installed it myself by watching the ""do it yourself"" video. I had no problems; it doesn't leak. Besides being beautiful in design, it's elegant, modern, and comfortable. It doesn't make loud noises when draining. I recommend it 100%!",2021-09-04,HomeCenter,Positive,2021-09,,Toilet,
O29161001,Sanitario Montecarlo Alongado Blanco,Toilets,Mayy,5,Excelente producto y calidad,Compré dos Toilets y me gustaron su diseño y funcionalidad.,I bought two toilets and I liked their design and functionality.,2022-05-01,HomeCenter,Positive,2022-05,,Toilet,
O29161001,Sanitario Montecarlo Alongado Blanco,Toilets,AbelR,5,¡fantásticas funciones!,Compré este producto el mes pasado y me encanta...,I bought this product last month and I love it...,2022-05-01,HomeCenter,Positive,2022-05,,General,
O29161001,Sanitario Montecarlo Alongado Blanco,Toilets,MariaD,5,Funciona muy bien!,"Compre este producto hace pocas semanas y me encanta, funciona de maravilla!",I bought this product a few weeks ago and I love it; it works wonderfully!,2022-05-01,HomeCenter,Positive,2022-05,,General,
O29161001,Sanitario Montecarlo Alongado Blanco,Toilets,,5,Cómodo,Lo compre este mes aun no lo he instalado pero conozco las excelente características con la que cuenta este objeto,"I bought it this month, and I haven't installed it yet, but I know the excellent features that this product has.",2022-05-20,HomeCenter,Neutral,2022-05,,,Other
O29161001,Sanitario Montecarlo Alongado Blanco,Toilets,isidoro,5,excelente funciones,este producto me gusto desde el momento que leí sus funciones,I liked this product from the moment I read its features.,2022-05-20,HomeCenter,Positive,2022-05,,General,
O29161001,Sanitario Montecarlo Alongado Blanco,Toilets,Enri,5,Muy bueno,Compre este producto este mes por que se consiguen repuestos y por que es hecho en Colombia,I bought this product this month because replacement parts are available and because it is made in Colombia.,2022-07-25,HomeCenter,Neutral,2022-07,,,Other
O29161001,Sanitario Montecarlo Alongado Blanco,Toilets,elizabe08,4,buen producto,el color y el tamañao desedo siempre emos tenido buenas referencias de este modelo,The color and size are exactly what we wanted; we have always had good feedback about this model.,2022-08-20,HomeCenter,Positive,2022-08,,General,
O29161001,Sanitario Montecarlo Alongado Blanco,Toilets,J Sanchez,4,Buen producto,"Me gustó lo que compré, es un buen producto y muy funcional..",I liked what I bought; it's a good product and very functional.,2022-10-25,HomeCenter,Positive,2022-10,,General,
O29161001,Sanitario Montecarlo Alongado Blanco,Toilets,Jose,4,,Bueno,Good,2023-11-10,HomeCenter,Positive,2023-11,,General,
O29161001,Sanitario Montecarlo Alongado Blanco,Toilets,Ana Teresa De Moya,5,Atención optima,Atención optima,Optimal attention.,2024-04-01,Corona,Positive,2024-04,,General,
O29161001,Sanitario Montecarlo Alongado Blanco,Toilets,catalina gil,5,sanitario cómodo,sanitario cómodo y no hay que vaciar varias veces,Comfortable toilet and you don't have to empty it multiple times.,2024-04-01,Corona,Positive,2024-04,,Toilet,
O29161001,Sanitario Montecarlo Alongado Blanco,Toilets,Camilo Herrera,5,Buen sanitario,"Sanitario clásico, tiene buen tamaño, me gustaría que los botones de descarga se sintieran más agradables y no tan sueltos. Tiene buena fuerza de descarga y la tapa tiene cierre lento. Lo recomiendo.","Classic toilet, it has a good size. I wish the flush buttons felt nicer and weren't so loose. It has good flushing power and the lid has a slow close feature. I recommend it.",2024-04-01,Corona,Positive,2024-04,,Toilet,
O29161031,Sanitario Montecarlo Alongado Bone,Toilets,LUIS GERARDO GUZMÁN VALENCIA [lggv33@hotmail.com],5,Sanitario montecarlo,Me gusta,I like it.,2021-06-17,Corona,Positive,2021-06,,General,
O29161031,Sanitario Montecarlo Alongado Bone,Toilets,OLIVIER,5,Excelente ahorrador de agua y buen tamaño,"facil instalación , el color , envio fue rapido y cero problemas","Review: easy installation, the color, shipping was fast, and no problems at all.",2022-01-16,HomeCenter,Positive,2022-01,,General,
O29161031,Sanitario Montecarlo Alongado Bone,Toilets,Sanitario,2,Regular,Llego mal despachado no llego el que era se equivocaron,"The order arrived incorrectly; I didn't receive the item I was supposed to get, they made a mistake.",2022-11-04,HomeCenter,Negative,2022-11,Service,,
O29201001,Sanitario Montecarlo Advance,Toilets,Anonymous [anonymous],5,Excelente calidad,La calidad de los productos Corona es muy buena.,The quality of Corona products is very good.,2020-01-19,Corona,Positive,2020-01,,Toilet,
O29201001,Sanitario Montecarlo Advance,Toilets,Anonymous [anonymous],5,Excelente!,"Me gusta mucho este sanitario, ademas de ser super muy funcional tiene un diseño que se ve muy bien en mi baño","I really like this toilet; in addition to being very functional, it has a design that looks great in my bathroom.",2020-07-17,Corona,Positive,2020-07,,Toilet,
O29201001,Sanitario Montecarlo Advance,Toilets,Anonymous [anonymous],1,No lo recomiendo,"La peor inversion que he hecho, desde que lo compre ha presentado inconvenientes, no lo recomiendo. Lo peor que tienen","The worst investment I've made. Since I bought it, I've had issues with it. I do not recommend it. It's the worst they have.",2021-07-28,Corona,Negative,2021-07,Toilet,,
O29201001,Sanitario Montecarlo Advance,Toilets,Jorge Tato,5,Muy buen producto,"Hasta el momento el producto funciona bien, es económico en el uso del agua y su diseño es bonito.","So far, the product works well, it is economical in water usage, and its design is nice.",2022-02-04,HomeCenter,Positive,2022-02,,Toilet,
O29201001,Sanitario Montecarlo Advance,Toilets,Antonio22,5,Muy bueno,Compré el sanitario para unas habitaciones hace unas semanas y me parece que es perfecto en cuanto a tamaño y funcionalidad,"I bought the toilet for some rooms a few weeks ago, and I think it is perfect in terms of size and functionality.",2022-07-07,HomeCenter,Positive,2022-07,,General,
O29201001,Sanitario Montecarlo Advance,Toilets,Yene,5,Me encanta,Me gusta su diseño y funcionalidad. Y sobre todo que es ahorrador de agua.,"I like its design and functionality. And above all, it saves water.",2022-07-21,HomeCenter,Positive,2022-07,,Toilet,
O29201001,Sanitario Montecarlo Advance,Toilets,Riipon,5,Sin problemas hasta ahora despues de 1 mes,Funciona muy bien hasta ahora sin problemas y tiene una fuerte absorción.,It works very well so far without any issues and has strong absorption.,2022-07-27,HomeCenter,Positive,2022-07,,General,
O29201001,Sanitario Montecarlo Advance,Toilets,Lucy84,5,Siempre limpio!,"Me encantó, su sistema de descarga de agua desde arriba  y sin bordes dentro de la taza lo mantiene siempre limpio, es una maravilla, además la tapa es de cierre lento y ahorra agua, este si es un sanitario!!!","I loved it! Its top water drainage system and the lack of edges inside the bowl keep it always clean—it's wonderful! Plus, the lid closes slowly and saves water. This is definitely a great toilet!!!",2022-08-08,HomeCenter,Positive,2022-08,,General,
O29201001,Sanitario Montecarlo Advance,Toilets,Anonymous [anonymous],5,Su diseño elegancia y comodidad,"Compre  4 de este producto para la remodelacion de mi casa, funcionan perfecto, el vaciado es lo mejor y son super elegantes, lo recomiendo, su diseño es lo mejor.","I bought 4 of this product for my home renovation, and they work perfectly. The drainage is the best part, and they are super elegant. I highly recommend them; their design is outstanding.",2023-05-12,Corona,Positive,2023-05,,Toilet,
O29201001,Sanitario Montecarlo Advance,Toilets,MICKEY5,5,FANTASTICA,"BUENA, COMODO Y FACIL DE LIMPIAR. ALTA CALIDAD POR PARTE DEL FABRICANTE","Good, comfortable, and easy to clean. High quality from the manufacturer.",2023-06-12,HomeCenter,Positive,2023-06,,Toilet,
O29201001,Sanitario Montecarlo Advance,Toilets,Anonymous [anonymous],5,Buen producto,"Es un sanitario lindo a la vista, cómodo, ahorrador de agua.","It's a nice-looking toilet, comfortable, and water-saving.",2023-06-30,Corona,Positive,2023-06,,Toilet,
O29201001,Sanitario Montecarlo Advance,Toilets,Yuli,5,,"El tamaño, el color corresponde a la fotografía del producto. Por lo pronto se comporta muy bien con respecto a calidad, es muy bonito.","The size and color match the product photo. So far, it performs very well in terms of quality; it's very nice.",2023-07-25,HomeCenter,Positive,2023-07,,Toilet,
O29201001,Sanitario Montecarlo Advance,Toilets,Lucy Gil,5,"Muy Bueno, Excelente!","Lo tengo hace 4 años y me ha parecido el mejor sanitario, ahorra agua y facilidad de limpieza, por que no tiene bordes interiores en la tasa. Genial! ",I've had it for 4 years and I think it's the best toilet. It saves water and is easy to clean because it doesn't have any interior edges in the bowl. Great!,2023-09-19,Corona,Positive,2023-09,,General,
O29201001,Sanitario Montecarlo Advance,Toilets,Jeffff,5,Super,"Es bueno, comodo, facil de usar, pequeño el tanque. Ergonomico","It's good, comfortable, easy to use, and has a small tank. Ergonomic.",2023-10-30,HomeCenter,Positive,2023-10,,Toilet,
O29201001,Sanitario Montecarlo Advance,Toilets,Jorge Alberto Gaona Ramirez,5,El diseño,"Muy agradable a los ojos, también es cómodo para sentarse, la tecnología Maxiclean lo complementa mas, ""lo recomiendo para comprarlo"".NOTA: contraten un plomero directamente , donde incluya los gastos de insumos y adecuación del tubo desde la pared al desagüé, para instalarlo con  Brida.","Very pleasant to the eyes, and it's also comfortable to sit on. The Maxiclean technology enhances it even more. ""I recommend buying it."" NOTE: Hire a plumber directly, including the costs for materials and adjustments of the pipe from the wall to the drain, to install it with a flange.",2023-12-23,Corona,Positive,2023-12,,Toilet,
O29201001,Sanitario Montecarlo Advance,Toilets,,5,Excelente compra,"Es lindo, moderno, buen precio, funcional. Lo recomiendo","It's nice, modern, reasonably priced, and functional. I recommend it.",2024-03-30,HomeCenter,Positive,2024-03,,General,
O29211001,Sanitario Smart Redondo Blanco,Toilets,Juancho2022jj,5,Maravilloso,Rápido y producto acordado en buen estado fácil compra,Fast delivery and the product arrived in good condition. Easy purchase.,2022-05-06,HomeCenter,Positive,2022-05,,Service,
O29211001,Sanitario Smart Redondo Blanco,Toilets,Rosa235,5,"Moderno y funcional, excelente calidad","Compré 2 Toilets el 5 de mayo/22, y estamos muy satisfechos con la calidad del producto.","I bought 2 toilets on May 5, 2022, and we are very satisfied with the quality of the product.",2022-06-01,HomeCenter,Positive,2022-06,,Toilet,
O29211001,Sanitario Smart Redondo Blanco,Toilets,,5,"Muy bueno, 8 meses sin problemas.",En este tiempo la función de esmaltado en el sifón está funcionando correctamente sin obstrucción. El único inconveniente viene a ser que tiene una descarga única.,"In this time, the glazing function in the siphon is working correctly without any obstruction. The only drawback is that it has a single discharge.",2022-07-26,HomeCenter,Neutral,2022-07,,,Other
O29211001,Sanitario Smart Redondo Blanco,Toilets,Kikita,5,Excelente,"Es lindo, ahorrador, descarga rápido, se llena el tanque muy rápido y es silencioso.","It's nice, energy-efficient, charges quickly, fills the tank very fast, and is quiet.",2022-08-29,HomeCenter,Positive,2022-08,,General,
O29211001,Sanitario Smart Redondo Blanco,Toilets,Siljara,5,Excelente.. Tiene buena descarga de agua,Está perfecto. Me gustó la compra q hice y son vendidos en buen estado,"It's perfect. I liked the purchase I made, and they were sold in good condition.",2022-09-10,HomeCenter,Positive,2022-09,,General,
O29211001,Sanitario Smart Redondo Blanco,Toilets,Descompuesto,1,"El sanitario llegó descompuesto, bomba bota agua","Compré este producto el mes pasado, lo instalaron y salió malo. La bomba está dañada, solicite garantía y aún estoy esperando que me llamen a programar la cita de evaluación y nada.","I bought this product last month, it was installed, and it turned out to be defective. The pump is damaged, I requested a warranty, and I'm still waiting for them to call me to schedule the evaluation appointment, but nothing has happened.",2022-09-30,HomeCenter,Negative,2022-09,Service,,
O29211001,Sanitario Smart Redondo Blanco,Toilets,jucamuce,5,Buen producto,Muy bonito. Excelente baño nos gustó lo recomiendo . Es una buena compra,"Very nice. Excellent bathroom, we liked it and I recommend it. It's a good purchase.",2022-11-18,HomeCenter,Positive,2022-11,,General,
O29211001,Sanitario Smart Redondo Blanco,Toilets,Morena,5,Me gustó muchísimo.,"Compre el inodoro y me parece excelente producto, por su comodidad, funcionalidad, ahorro de agua entre otros.","I bought the toilet and I think it's an excellent product due to its comfort, functionality, water-saving features, among others.",2023-03-24,HomeCenter,Positive,2023-03,,General,
O29211001,Sanitario Smart Redondo Blanco,Toilets,Anonymous [anonymous],5,Diseño compacto y bonito,"Tengo este sanitario en los dos baños de mi casa, me parece que su diseño es muy lindo y compacto. Tiene muy buen desempeño en la descarga! ","I have this toilet in both bathrooms of my house, and I think its design is very nice and compact. It performs very well when flushing!",2023-06-26,Corona,Positive,2023-06,,Toilet,
O29211001,Sanitario Smart Redondo Blanco,Toilets,Anonymous [anonymous],5,Excelente producto,"Recomendado para espacios pequeños, por diseño, ahorro de agua y capacidad de evacuacuión.","Recommended for small spaces, due to its design, water-saving features, and drainage capacity.",2023-07-05,Corona,Positive,2023-07,,Toilet,
O29211001,Sanitario Smart Redondo Blanco,Toilets,Daniel,5,,Buena calidad y cómodo,Good quality and comfortable.,2023-09-20,HomeCenter,Positive,2023-09,,Toilet,
O29211001,Sanitario Smart Redondo Blanco,Toilets,Sandr4,5,Espectacular,"Compré 2 unidades por remodelación y son espectaculares, ahorro de agua",I bought 2 units for a renovation and they are amazing; they save water.,2023-10-11,HomeCenter,Positive,2023-10,,General,
O29211031,Sanitario Smart Redondo Bone,Toilets,Andres,4,,Buena,Good,2023-06-25,HomeCenter,Positive,2023-06,,General,
O29211031,Sanitario Smart Redondo Bone,Toilets,ClaudiaFP,5,Tamaño adecuado y descarga eficiente. Lo recomiend,Tamaño pequeño y descarga eficiente. Poco consumo de agua y es bonito.,Small size and efficient discharge. Low water consumption and it's nice looking.,2023-11-12,HomeCenter,Positive,2023-11,,General,
O29301001,Sanitario Montecarlo Advance Alongado,Toilets,Yeyner Alexis Patiño,5,Satistaccion,"El producto cumple con las especificaciones técnicas, aunque el embalaje me pareció débil para el producto tan pesado, lo que puede poner en riesgo la integridad del mismo. ","The product meets the technical specifications, although I found the packaging to be weak for such a heavy item, which could jeopardize its integrity.",2023-12-07,Corona,Negative,2023-12,Toilet,,
O29301001,Sanitario Montecarlo Advance Alongado,Toilets,Yudy Falla Cortés,5,EXCELENTE PRODUCTO,Buen precio y excelente calidad ,Great price and excellent quality.,2023-12-12,Corona,Positive,2023-12,,Toilet,
O34031001,Tanque Tapa Y Griferia Laguna Corona,Toilets,Karin29,5,Hermoso modelo,Me encantó el modelo su color  su tamaño chico pero bonito,"I loved the model, its color, and its small but beautiful size.",2022-06-02,HomeCenter,Positive,2022-06,,General,
O34031001,Tanque Tapa Y Griferia Laguna Corona,Toilets,Carden29,5,Muy bueno,"Lo compré hace un año y hasta el momento muy buen desempeño, ningún problema","I bought it a year ago and so far it has performed very well, no problems at all.",2022-10-12,HomeCenter,Positive,2022-10,,General,
O34031001,Tanque Tapa Y Griferia Laguna Corona,Toilets,Gustavo2989,5,Completo,Cuenta con todas las piezas que describe y en buen estado,It comes with all the pieces described and in good condition.,2022-11-19,HomeCenter,Positive,2022-11,,General,
O34031001,Tanque Tapa Y Griferia Laguna Corona,Toilets,Yenny,5,,Buena calidad y tamaños adecuado,Good quality and suitable sizes.,2023-07-15,HomeCenter,Positive,2023-07,,Toilet,
O34031001,Tanque Tapa Y Griferia Laguna Corona,Toilets,Rafael,5,,"Muy bien, tal cual el anuncio","Very good, just like the advertisement.",2024-03-12,HomeCenter,Positive,2024-03,,General,
O39080001,Tapa Happy Blanco,Toilets,Aura,0,Mala,"Compré este producto y se dañaron los resortes, mala calidad, es una esclavitud estar comprando ésto y bien caro","I bought this product and the springs broke; it's poor quality. It's a hassle to keep buying this, and it's quite expensive.",2024-02-23,Corona,Negative,2024-02,Service,,
O39181001,Sanitario Smart Alongado Blanco,Toilets,Sergio,5,,Supero mis expectativas. Buen relación precio calidad,Exceeded my expectations. Good price-quality ratio.,2023-05-15,HomeCenter,Positive,2023-05,,Toilet,
O39181001,Sanitario Smart Alongado Blanco,Toilets,Anonymous [anonymous],5,Desempeño agil y efectivo,"Recomiendo el producto ya que lo tengo instalado en mi casa y me funciona de maravilla! gran desempeño, diseño y ahorro de agua.","I recommend the product as I have it installed in my home and it works wonderfully! Great performance, design, and water savings.",2023-06-26,Corona,Positive,2023-06,,Toilet,
O39181001,Sanitario Smart Alongado Blanco,Toilets,Anonymous [anonymous],5,Desempeño agil y efectivo,"Recomiendo este producto por su diseño, desempeño y ahorro en el consumo de agua.","I recommend this product for its design, performance, and water-saving features.",2023-06-26,Corona,Positive,2023-06,,Toilet,
O39181001,Sanitario Smart Alongado Blanco,Toilets,Anonymous [anonymous],5,Ahorrador,Lo recomiendo porque es lindo y a demás muy ahorrador con el consumo de agua,I recommend it because it's nice and also very efficient with water consumption.,2023-06-27,Corona,Positive,2023-06,,General,
O39181001,Sanitario Smart Alongado Blanco,Toilets,Adrian silva,5,Ya tengo uno,N/a,Review: N/a,2023-06-29,HomeCenter,Neutral,2023-06,,,Other
O39181001,Sanitario Smart Alongado Blanco,Toilets,Ayler,5,,N/a,Review: N/a,2023-09-28,HomeCenter,Neutral,2023-09,,,Other
O39181001,Sanitario Smart Alongado Blanco,Toilets,Maria Paz,5,Excelente,"Producto tal cual al de la foto, recomendado","The product is exactly as shown in the picture, recommended.",2023-10-19,HomeCenter,Positive,2023-10,,General,
O39181001,Sanitario Smart Alongado Blanco,Toilets,Nicolás López,5,Excelente diseño y ergonomia,Me parece bien la calidad y tamaño del producto en relación a su precio.,I think the quality and size of the product are good in relation to its price.,2023-11-29,HomeCenter,Positive,2023-11,,Toilet,
O39181001,Sanitario Smart Alongado Blanco,Toilets,Andres Besemer,5,Buen producto,"Pendiente utilizar, vi comentarios tenía buena referencia.","Review: I was hesitant to use it, but I saw comments that had good references.",2023-12-21,HomeCenter,Neutral,2023-12,,,Other
O39181001,Sanitario Smart Alongado Blanco,Toilets,Eliana fertier,5,Se nota buen producto,Por ahora conforme con la entrega rápida cuando la comencemos a usar podré evaluar de mejor manera gracias,"So far, I'm satisfied with the quick delivery. Once we start using it, I will be able to evaluate it better. Thank you.",2024-02-05,HomeCenter,Neutral,2024-02,,,Other
O39181001,Sanitario Smart Alongado Blanco,Toilets,Gonzalo Millan,5,Lo que estábamos buscando,"Buen tamaño, cómodo y consume menos agua","Great size, comfortable, and uses less water.",2024-02-09,HomeCenter,Positive,2024-02,,Toilet,
O39181001,Sanitario Smart Alongado Blanco,Toilets,Josefina,5,,"Tal cual la descripción,  lo tengo hace como 5 años y ha funcionado perfecto. Lo volví a comprar para otro baño","Just as described, I've had it for about 5 years and it has worked perfectly. I bought it again for another bathroom.",2024-02-21,HomeCenter,Positive,2024-02,,General,
O39181001,Sanitario Smart Alongado Blanco,Toilets,Edison,5,Paso la prueba de evacuación 😁,Después de buscar por mucho tiempo un wc que cumpliera el objetivo de no taparse por fin 👏 encontré WC Smart  leí muchas referencias y si cumple con lo descrito con poca agua se va todo y es silencio.,"After searching for a long time for a toilet that wouldn't clog, I finally found the Smart Toilet 👏. I read many reviews, and it lives up to its description—everything flushes away with little water, and it's quiet.",2024-03-31,HomeCenter,Positive,2024-03,,Toilet,
O39181031,Sanitario Smart Alongado Bone,Toilets,,5,Buen producto,Buen producto y cómodo descarga bastante y sin lio,Good product and comfortable; it downloads a lot and without any hassle.,2022-01-14,HomeCenter,Positive,2022-01,,Toilet,
O39181031,Sanitario Smart Alongado Bone,Toilets,Carebola,5,Magnifico!,Una excelente compra lo recomiendo super contento 1a,"An excellent purchase, I highly recommend it. I'm very happy!",2022-06-24,HomeCenter,Positive,2022-06,,General,
O39181031,Sanitario Smart Alongado Bone,Toilets,Cristian,5,,Muy bueno y ahorrador fácil de instalar,"Very good and energy-saving, easy to install.",2023-11-10,HomeCenter,Positive,2023-11,,General,
O43221001,Tanque Tapa Griferia Happy Blanco Corona,Toilets,Germn,5,,El tamaño perfecto y encaja en una tasa estándar,The perfect size and fits in a standard cup.,2023-11-08,HomeCenter,Positive,2023-11,,General,
O43221001,Tanque Tapa Griferia Happy Blanco Corona,Toilets,Lizette,5,,"Es igual al de la foto, el tamaño es perfecto y fue muy fácil conseguir con Falabella un producto tan difícil","It's just like the picture, the size is perfect, and it was very easy to find such a difficult product with Falabella.",2023-12-13,HomeCenter,Positive,2023-12,,General,
O43222251,Tanque Tapa Y Griferia Happy Rjo Bicolor,Toilets,Lucy,5,,N/a,Review: N/a,2024-03-14,HomeCenter,Neutral,2024-03,,,Other
O60721001,Sanitario Solare Single,Toilets,Anonymous [anonymous],1,No se consiguen los repuestos,"Viene con una bomba de llenado, que no se consigue en puntos de venta Grival ni en Home Center. Y el servicio al cliente de garantía se demora mucho","It comes with a filling pump, which is not available at Grival stores or Home Center. Also, the warranty customer service takes a long time.",2022-11-26,Corona,Negative,2022-11,Service,,
O60721001,Sanitario Solare Single,Toilets,KAAG,1,No es lo que me garantizaron,"Compre un sanitario solare, supuestamente lo último en descargas y no se la lleva sino tapado, estoy re-aburrido con esa compra y más haber pagado semejante precio","I bought a solar toilet, supposedly the latest in waste disposal, and it only gets clogged. I'm really frustrated with this purchase, especially after paying such a high price.",2022-12-09,HomeCenter,Negative,2022-12,Service,,
O60721001,Sanitario Solare Single,Toilets,LUZMARANGO,1,la peor compra,"No lo recomendamos, compramos tres Toilets porque según el vendedor era el mejor por descarga, anatomía, sifón oculto, en fin el numero uno. Oh sorpresa, la descarga no es la mejor y lo peor es la forma, el asiento debe asearse constantemente porque hay algo que no funciona y la tapa bizcocho creo que se llama permanece salpicada, se debe asear varias veces al día porque de lo contrario es un completo desastre. Estamos muy decepcionados fue la peor compra que hicimos en la remodelación de nuestra casa. NO LO RECOMIENDO, que desastre","We do not recommend it. We bought three toilets because the seller claimed it was the best in terms of flushing, design, and hidden siphon—basically, the number one. What a surprise, the flushing is not great, and the worst part is the shape. The seat needs to be cleaned constantly because something is not working properly, and the lid, which I believe is called a ""cake lid,"" stays splattered. It needs to be cleaned several times a day; otherwise, it becomes a complete mess. We are very disappointed; it was the worst purchase we made during our home renovation. I DO NOT RECOMMEND it; what a disaster.",2023-01-28,HomeCenter,Negative,2023-01,Service,,
O60721001,Sanitario Solare Single,Toilets,Andrés Ramirez Gonzalez [andrago23@gmail.com],5,Espectacular,"El producto es hermoso, de los Toilets más bonitos que tiene Corona y su desempeño es excelente, tiene muy buen ahorro de agua y el producto no se ""taquea""","The product is beautiful, one of the prettiest toilets that Corona offers, and its performance is excellent. It saves a lot of water, and the product doesn't get clogged.",2023-06-30,Corona,Positive,2023-06,,General,
O60721001,Sanitario Solare Single,Toilets,Ana Maria,5,,"un tamaño ideal, su altura genial para todos los que tenemos problemas de rodillas, con una descarga impecable esta de lujo!","Review: the ideal size, its height is great for those of us with knee problems, and the support is impeccable—it's fantastic!",2023-06-30,HomeCenter,Positive,2023-06,,General,
O60721001,Sanitario Solare Single,Toilets,Anonymous [anonymous],5,Muy bonito y con desempeño sobresaliente,"Su funcionamiento es muy bueno.  En 1 año de uso, no se ha atascado ni una sola vez, y mi baño quedó muy bonito, porque su diseño es muy moderno.","The product works very well. In one year of use, it hasn't jammed even once, and my bathroom looks great because its design is very modern.",2023-07-07,Corona,Positive,2023-07,,Toilet,
O60721001,Sanitario Solare Single,Toilets,Ana R Fonseca,5,"Estéticamente es un sanitario muy bonito, seria bueno que también lo fabricaran en color negro","Recomiendo este producto debido a que su instalación es convencional, no requiere de brida, y es algo que valoro, pues los Toilets con sistema brida no son tan fáciles de instalar, no todos los albañiles entienden el sistema, y no me gusta que peguen los Toilets con silicona. En cuanto a la parte funcional le doy un 8 de 10, es ahorrador y cómodo, sin embargo, la inyección de agua no me convence del todo ya que siento que no quedan muy limpias las Walls internas. No obstante, lo recomiendo, espero que corona continúe innovando.","I recommend this product because its installation is straightforward and doesn't require a flange, which I appreciate. Toilets with a flange system are not as easy to install, and not all plumbers understand the system. I also dislike when toilets are sealed with silicone. As for its functionality, I give it an 8 out of 10; it's water-saving and comfortable. However, I'm not completely satisfied with the water injection, as I feel it doesn't clean the internal walls very well. Nevertheless, I recommend it and hope that the brand continues to innovate.",2024-04-01,Corona,Positive,2024-04,,Toilet,
O61061001,Orinal Arrecife Entrada Superior,Toilets,DIEGO ALBERTO,5,Buen Producto,Funciona muy bien el Producto y de buena calidad y Finishes,The product works very well and is of good quality and finish.,2022-05-31,HomeCenter,Positive,2022-05,,Toilet,
O61061001,Orinal Arrecife Entrada Superior,Toilets,Rafael82,5,Compra de orinal,Compre 3 orinales y la calidad del servicio y productos fueron excelente,"I bought 3 urinals, and the quality of the service and products was excellent.",2022-05-31,HomeCenter,Positive,2022-05,,Toilet,
O61061001,Orinal Arrecife Entrada Superior,Toilets,luis,5,,si es igual a la foto y se ve de buena calidad,It is just like the picture and looks to be of good quality.,2022-07-08,HomeCenter,Positive,2022-07,,Toilet,
O61061001,Orinal Arrecife Entrada Superior,Toilets,juan,5,,me satisface plenamente,I am completely satisfied.,2022-07-13,HomeCenter,Positive,2022-07,,General,
O61061001,Orinal Arrecife Entrada Superior,Toilets,Alexis,4,,"Estaba todo detallado, pero es mejor indicar que la grifería no está incluida","The product was well detailed, but it's better to mention that the faucet is not included.",2023-10-05,HomeCenter,Neutral,2023-10,,,Other
O62111001,Orinal Petite Entrada Superior,Toilets,Néstor Perea,5,Excelente  muy bueno,"Se compró En el mes de junio, resultó práctico muy bueno","I bought it in June, and it turned out to be very practical and good.",2022-07-02,HomeCenter,Positive,2022-07,,General,
O62111001,Orinal Petite Entrada Superior,Toilets,Sergio,4,,Tamaño ideal para espacios reducidos,Ideal size for small spaces.,2023-09-23,HomeCenter,Positive,2023-09,,General,
O64601001,Tanque Tapa Y Griferia Acuaplus Ultra Blanco,Toilets,Yann,1,mala griferia,la grifería es de mala calidad. No es el mismo modelo de grifería que se compra separadamente. Aveces ni siquiera se llena el tanque.,The faucet is of poor quality. It is not the same model of faucet that is sold separately. Sometimes it doesn't even fill the tank.,2022-04-05,HomeCenter,Negative,2022-04,Toilet,,
O64601001,Tanque Tapa Y Griferia Acuaplus Ultra Blanco,Toilets,Oscarellanos,5,Muy bueno!!!,"Comprado recientemente, enviado rapido y fácil de instalar!!!","Recently purchased, shipped quickly, and easy to install!!!",2022-11-12,HomeCenter,Positive,2022-11,,General,
sanitario-aquapro,Sanitario Aquapro,Toilets,Anonymous [anonymous],5,Excelente diseño,Ahorro y economía En el gastó de agua por sistema de descarga Doble,Savings and economy in water usage with the dual flush system.,2020-08-10,Corona,Positive,2020-08,,Toilet,
sanitario-aquapro-alongado,Sanitario Aquapro Alongado,Toilets,Anonymous [anonymous],3,Incómodo espaldar.,He comprado este sanitario para efectos de ahorro de agua. No pensé que eso sería inversamente proporcional a la comodidad de estar sentada allí y no poder recostar mi espalda; el diseño de la tapa lo hace imposible.,I bought this toilet for water-saving purposes. I didn't think that would be inversely proportional to the comfort of sitting there and not being able to lean my back; the design of the lid makes it impossible.,2021-08-26,Corona,Negative,2021-08,Toilet,,
sanitario-san-giorgio-alongado,Sanitario San Giorgio Alongado,Toilets,Anonymous [anonymous],3,Hoy 2 noviembre 2021 compre el Giorgio elongado,"El Giorgio corona era lo que quería, hecho a mi medida:Doble descarga, elongado, tanque y taza en una sola unidad.para mi corona es lo mejor.Vivo en Manizales,sector centro.Aún no he instalado el sanitario y confío que todo funcione bien. Gracias por hacer productos tan Buenos","The Giorgio toilet was exactly what I wanted, made to my specifications: dual flush, elongated, tank and bowl in one unit. For me, it's the best. I live in Manizales, downtown area. I haven't installed the toilet yet, but I trust that everything will work well. Thank you for making such good products!",2021-11-02,Corona,Positive,2021-11,,Toilet,
sanitario-smart-redondo,Sanitario Smart Redondo,Toilets,Anonymous [anonymous],1,"Al parecer la empresa Corona no mantiene los respuestos para la postventa, y considero este hecho muy importante para mantener la clientela",es bueno siempre y cuando se mantengan en venta los repuestos postventa,It's good as long as the aftermarket parts remain available for sale.,2023-06-02,Corona,Neutral,2023-06,,,Other
